Row Labels,Sum of Survived,Count,
female,233,314,0.742038217
adult,151,193,0.78238342
child,82,121,0.67768595
male,109,577,0.188908146
adult,69,382,0.180628272
child,40,195,0.205128205
Grand Total,342,891,0.383838384
